Name,Chromosome,Position,Edit,Strand,pegRNA,Protospacer,RT Template,RT Length,Primer Sequence,PBS Length,PE3 or 3B Protospacer,PE3 or 3B Distance,peg_Guide_top,peg_Guide_bot,peg_Edit_top,peg_Edit_bot,PE3_Guide_top,PE3_Guide_bot,Seq_F,Seq_R,Notes
CR1,1,207802552, ,Positive,No Valid pegRNA, , ,10, ,13, , , , , , , , , , ,rs4844610
CR1,1,207802552, ,Negative,No Valid pegRNA, , ,10, ,13, , , , , , , , , , ,rs4844610
BIN1,2,127892810,A-to-T,Positive,GCATGCCACTGCACTCCAGCCGTTTTAGAGCTAGAAATAGCAAGTTAAAATAAGGCTAGTCCGTTATCAACTTGAAAAAGTGGCACCGAGTCGGTGCCTCTGACGCCAGGCTGGAGTGCAGTGGTTTTTTGTTTT,CATGCCACTGCACTCCAGCC,CTCTGACGCCAGGC,14,TGGAGTGCAGTGG,13,TCCCACATGCATGGTGTGGT,69,CACCGCATGCCACTGCACTCCAGCC,AACGGCTGGAGTGCAGTGGCATGC,TGCCTCTGACGCCAGGCTGGAGTGCAGTGGTTTTTTGTTTTCTGCA,GAAAACAAAAAACCACTGCACTCCAGCCTGGCGTCAGAG,CACCGTCCCACATGCATGGTGTGGT,AAACACCACACCATGCATGTGGGAC,AGGCCAAGGCGGG,TTCTCCAGAAGTTAAGATCGCTGCC,rs6733839
BIN1,2,127892810, ,Negative,No Valid pegRNA, , ,14, ,13, , , , , , , , , , ,rs6733839
INPP5D ,2,233981912,G-to-C,Positive,GGATTATAATGCTGCAGAGGAGTTTTAGAGCTAGAAATAGCAAGTTAAAATAAGGCTAGTCCGTTATCAACTTGAAAAAGTGGCACCGAGTCGGTGCCTTACCATGCTCTGCAGCATTATTTTTTTGTTTT,GATTATAATGCTGCAGAGGA,CTTACCATGC,10,TCTGCAGCATTAT,13,TCGACCATTAAAAGAACTCT,54,CACCGGATTATAATGCTGCAGAGGA,AACTCCTCTGCAGCATTATAATCC,TGCCTTACCATGCTCTGCAGCATTATTTTTTTGTTTTCTGCA,GAAAACAAAAAAATAATGCTGCAGAGCATGGTAAG,CACCGTCGACCATTAAAAGAACTCT,AAACAGAGTTCTTTTAATGGTCGAC,TATTTTTAGAAACAAAACTTTGGAATGTTTTGTCAATATCTCATGAATTCT,GCACTAAATGACACTGTTTGCCC,rs10933431
INPP5D ,2,233981912, ,Negative,No Valid pegRNA, , ,10, ,13, , , , , , , , , , ,rs10933431
 ,6,32575406,T-to-A,Positive,GACTTAAAATCCTAATAATATGTTTTAGAGCTAGAAATAGCAAGTTAAAATAAGGCTAGTCCGTTATCAACTTGAAAAAGTGGCACCGAGTCGGTGCGAAGATTCTAAGGGAATAGACTCTCCCATTTTATTAGGATTTTTTTTTTGTTTT,ACTTAAAATCCTAATAATAT,GAAGATTCTAAGGGAATAGACTCTCCCATT,30,TTATTAGGATTTT,13,AATAGTTTGTTTTAACCTCA,41,CACCGACTTAAAATCCTAATAATAT,AACATATTATTAGGATTTTAAGTC,TGCGAAGATTCTAAGGGAATAGACTCTCCCATTTTATTAGGATTTTTTTTTTGTTTTCTGCA,GAAAACAAAAAAAAAATCCTAATAAAATGGGAGAGTCTATTCCCTTAGAATCTTC,CACCGAATAGTTTGTTTTAACCTCA,AAACTGAGGTTAAAACAAACTATTC,GTTTTTCTTTTTGAATTTGGAAATGTTTTTGTTATTCCAAACCG,ATTGGGCAAAGGATATAGACTCACTATAGAAGAG,rs9271058 HLA-DRB1
 ,6,32575406,T-to-A,Negative,GAAGGATTTAGAAGATTCTAAGTTTTAGAGCTAGAAATAGCAAGTTAAAATAAGGCTAGTCCGTTATCAACTTGAAAAAGTGGCACCGAGTCGGTGCCCTAATAAAATGGGAGAGTCTATTCCCTTAGAATCTTCTAAATTTTTTTGTTTT,AAGGATTTAGAAGATTCTAA,CCTAATAAAATGGGAGAGTCTATTCCCTTA,30,GAATCTTCTAAAT,13,PE3 Protospacer not found,,CACCGAAGGATTTAGAAGATTCTAA,AACTTAGAATCTTCTAAATCCTTC,TGCCCTAATAAAATGGGAGAGTCTATTCCCTTAGAATCTTCTAAATTTTTTTGTTTTCTGCA,GAAAACAAAAAAATTTAGAAGATTCTAAGGGAATAGACTCTCCCATTTTATTAGG,,,GTTTTTCTTTTTGAATTTGGAAATGTTTTTGTTATTCCAAACCG,ATTGGGCAAAGGATATAGACTCACTATAGAAGAG,rs9271058 HLA-DRB1
TREM2 ,6,41129252, ,Positive,No Valid pegRNA, , ,10, ,13, , , , , , , , , , ,rs75932628
TREM2 ,6,41129252,A-to-T,Negative,GCCATCTCACACCAGTTAGAAGTTTTAGAGCTAGAAATAGCAAGTTAAAATAAGGCTAGTCCGTTATCAACTTGAAAAAGTGGCACCGAGTCGGTGCATTGCCTTTCTAACTGGTGTGAGTTTTTTGTTTT,CCATCTCACACCAGTTAGAA,ATTGCCTTTC,10,TAACTGGTGTGAG,13,CGCCACACTGACTTCCACAA,106,CACCGCCATCTCACACCAGTTAGAA,AACTTCTAACTGGTGTGAGATGGC,TGCATTGCCTTTCTAACTGGTGTGAGTTTTTTGTTTTCTGCA,GAAAACAAAAAACTCACACCAGTTAGAAAGGCAAT,CACCGCGCCACACTGACTTCCACAA,AAACTGAGGTTAAAACAAACTATTC,TAGCAGCATGATTTATAGTCCTTTGGGT,AATACCCAGAATCTACAATGAACTCAAACAAATTTACAAG,rs75932628
 ,6,47431284,G-to-C,Positive,GAAAGCAGTACCAAGAGAGAGGTTTTAGAGCTAGAAATAGCAAGTTAAAATAAGGCTAGTCCGTTATCAACTTGAAAAAGTGGCACCGAGTCGGTGCGTCATTAAAAAGTGTGTGGCACCTCCCGTCTCTCTTGGTACTGTTTTTTGTTTT,AAAGCAGTACCAAGAGAGAG,GTCATTAAAAAGTGTGTGGCACCTCCCGTC,30,TCTCTTGGTACTG,13,TCCTTTGGGTGCTCTCCTTG,62,CACCGAAAGCAGTACCAAGAGAGAG,AACCTCTCTCTTGGTACTGCTTTC,TGCGTCATTAAAAAGTGTGTGGCACCTCCCGTCTCTCTTGGTACTGTTTTTTGTTTTCTGCA,GAAAACAAAAAACAGTACCAAGAGAGACGGGAGGTGCCACACACTTTTTAATGAC,CACCGTCCTTTGGGTGCTCTCCTTG,AAACCAAGGAGAGCACCCAAAGGAC,ACACATGCGTCAGGGATAAGA,ATTAGGAGTTGACATAGTTTGGATGTGTGC,rs9473117 CD2AP
 ,6,47431284,G-to-C,Negative,GTCTGGTCATTAAAAAGTGTGGTTTTAGAGCTAGAAATAGCAAGTTAAAATAAGGCTAGTCCGTTATCAACTTGAAAAAGTGGCACCGAGTCGGTGCCAGTACCAAGAGAGACGGGAGGTGCCACACACTTTTTAATGACTTTTTTGTTTT,TCTGGTCATTAAAAAGTGTG,CAGTACCAAGAGAGACGGGAGGTGCCACAC,30,ACTTTTTAATGAC,13,TTATTTATAACAACACCACG,42,CACCGTCTGGTCATTAAAAAGTGTG,AACCACACTTTTTAATGACCAGAC,TGCCAGTACCAAGAGAGACGGGAGGTGCCACACACTTTTTAATGACTTTTTTGTTTTCTGCA,GAAAACAAAAAAGTCATTAAAAAGTGTGTGGCACCTCCCGTCTCTCTTGGTACTG,CACCGTTATTTATAACAACACCACG,AAACCAAGGAGAGCACCCAAAGGAC,ACACATGCGTCAGGGATAAGA,ATTAGGAGTTGACATAGTTTGGATGTGTGC,rs9473117 CD2AP
NYAP1,7,100091795,G-to-C,Positive,GGCGGGCTCTTTTTCTGATGAGTTTTAGAGCTAGAAATAGCAAGTTAAAATAAGGCTAGTCCGTTATCAACTTGAAAAAGTGGCACCGAGTCGGTGCTTCAAGTAGCCTCATCAGAAAAAGAGCTTTTTTGTTTT,GCGGGCTCTTTTTCTGATGA,TTCAAGTAGCCTCA,14,TCAGAAAAAGAGC,13,AGTGTAGTGCCCTCCCCTTT,49,CACCGGCGGGCTCTTTTTCTGATGA,AACTCATCAGAAAAAGAGCCCGCC,TGCTTCAAGTAGCCTCATCAGAAAAAGAGCTTTTTTGTTTTCTGCA,GAAAACAAAAAAGCTCTTTTTCTGATGAGGCTACTTGAA,CACCGAGTGTAGTGCCCTCCCCTTT,AAACAAAGGGGAGGGCACTACACTC,CTGTTGTTCCCCGGGC,ATCAGAAGGGCTTCTGAGCAAGG,rs12539172
NYAP1,7,100091795, ,Negative,No Valid pegRNA, , ,14, ,13, , , , , , , , , , ,rs12539172
EPHA1 ,7,143099133, ,Positive,No Valid pegRNA, , ,12, ,13, , , , , , , , , , ,rs10808026
EPHA1 ,7,143099133, ,Negative,No Valid pegRNA, , ,12, ,13, , , , , , , , , , ,rs10808026
PTK2B ,8,27219987,C-to-T,Positive,GCCCCATTGTACGTGGTCTTCGTTTTAGAGCTAGAAATAGCAAGTTAAAATAAGGCTAGTCCGTTATCAACTTGAAAAAGTGGCACCGAGTCGGTGCAGAGTGGCCAAAAGACCACGTACAATTTTTTTGTTTT,CCCCATTGTACGTGGTCTTC,AGAGTGGCCAAAA,13,GACCACGTACAAT,13,TCCAGGCAGCATTCCCTGAA,49,CACCGCCCCATTGTACGTGGTCTTC,AACGAAGACCACGTACAATGGGGC,TGCAGAGTGGCCAAAAGACCACGTACAATTTTTTTGTTTTCTGCA,GAAAACAAAAAAATTGTACGTGGTCTTTTGGCCACTCT,CACCGTCCAGGCAGCATTCCCTGAA,AAACTTCAGGGAATGCTGCCTGGAC,GGCAACACACTGTGAAGTTCTG,AAGAGGGAATGATTAGCCTTGCC,rs73223431
PTK2B ,8,27219987,C-to-T,Negative,GGAACAGTACATTATCCAGAGGTTTTAGAGCTAGAAATAGCAAGTTAAAATAAGGCTAGTCCGTTATCAACTTGAAAAAGTGGCACCGAGTCGGTGCCTTTTGGCCACTCTGGATAATGTACTTTTTTTGTTTT,GAACAGTACATTATCCAGAG,CTTTTGGCCACTC,13,TGGATAATGTACT,13,PE3 Protospacer not found,,CACCGGAACAGTACATTATCCAGAG,AACCTCTGGATAATGTACTGTTCC,TGCCTTTTGGCCACTCTGGATAATGTACTTTTTTTGTTTTCTGCA,GAAAACAAAAAAAGTACATTATCCAGAGTGGCCAAAAG,,,GGCAACACACTGTGAAGTTCTG,AAGAGGGAATGATTAGCCTTGCC,rs73223431
CLU ,8,27467686,T-to-T,Positive,GTTTTAGGGCATCACAGTTTAGTTTTAGAGCTAGAAATAGCAAGTTAAAATAAGGCTAGTCCGTTATCAACTTGAAAAAGTGGCACCGAGTCGGTGCCAAACCATAAACTGTGATGCCCTTTTTTTGTTTT,TTTTAGGGCATCACAGTTTA,CAAACCATAA,10,ACTGTGATGCCCT,13,CCCGCTTGGCTCTCCCGTGG,41,CACCGTTTTAGGGCATCACAGTTTA,AACTAAACTGTGATGCCCTAAAAC,TGCCAAACCATAAACTGTGATGCCCTTTTTTTGTTTTCTGCA,GAAAACAAAAAAAGGGCATCACAGTTTATGGTTTG,CACCGCCCGCTTGGCTCTCCCGTGG,AAACCCACGGGAGAGCCAAGCGGGC,GTGGAGGGAGCTGCG,GGGACTCCTGTGGGG,rs9331896
CLU ,8,27467686, ,Negative,No Valid pegRNA, , ,10, ,13, , , , , , , , , , ,rs9331896
ECHDC3 ,10,11720308,T-to-G,Positive,GAGCAGAAGGGAACTGTTTTTGTTTTAGAGCTAGAAATAGCAAGTTAAAATAAGGCTAGTCCGTTATCAACTTGAAAAAGTGGCACCGAGTCGGTGCGCTTCCTCAAAACAGTTCCCTTCTTTTTTGTTTT,AGCAGAAGGGAACTGTTTTT,GCTTCCTCAA,10,AACAGTTCCCTTC,13,TTGGAAACTGGGGCGCAGAA,76,CACCGAGCAGAAGGGAACTGTTTTT,AACAAAAACAGTTCCCTTCTGCTC,TGCGCTTCCTCAAAACAGTTCCCTTCTTTTTTGTTTTCTGCA,GAAAACAAAAAAGAAGGGAACTGTTTTGAGGAAGC,CACCGTTGGAAACTGGGGCGCAGAA,AAACTTCTGCGCCCCAGTTTCCAAC,CCCCACCCTCTCACC,CAGTATTCACTGCCACTCCTGA,rs7920721
ECHDC3 ,10,11720308, ,Negative,No Valid pegRNA, , ,10, ,13, , , , , , , , , , ,rs7920721
SPI1,11,47380340, ,Positive,No Valid pegRNA, , ,10, ,13, , , , , , , , , , ,rs3740688
SPI1,11,47380340,C-to-T,Negative,GTGAGTGGATTGGTGGATGGGGTTTTAGAGCTAGAAATAGCAAGTTAAAATAAGGCTAGTCCGTTATCAACTTGAAAAAGTGGCACCGAGTCGGTGCTAATCCACCTATCCACCAATCCATTTTTTGTTTT,TGAGTGGATTGGTGGATGGG,TAATCCACCT,10,ATCCACCAATCCA,13,PE3 Protospacer not found,,CACCGTGAGTGGATTGGTGGATGGG,AACCCCATCCACCAATCCACTCAC,TGCTAATCCACCTATCCACCAATCCATTTTTTGTTTTCTGCA,GAAAACAAAAAATGGATTGGTGGATAGGTGGATTA,,,CCAGCTATCTACCCATTCATCCA,CTCTACTCATCCCTCCACCC,rs3740688
MS4A2 ,11,59936926, ,Positive,No Valid pegRNA, , ,10, ,13, , , , , , , , , , ,rs7933202
MS4A2 ,11,59936926,C-to-C,Negative,GTTTCGCCAAGTTGGCCAGGCGTTTTAGAGCTAGAAATAGCAAGTTAAAATAAGGCTAGTCCGTTATCAACTTGAAAAAGTGGCACCGAGTCGGTGCGAGACCAGCCTGGCCAACTTGGCTTTTTTGTTTT,TTTCGCCAAGTTGGCCAGGC,GAGACCAGCC,10,TGGCCAACTTGGC,13,GCATTTTGGGAGGGCGAGGC,40,CACCGTTTCGCCAAGTTGGCCAGGC,AACGCCTGGCCAACTTGGCGAAAC,TGCGAGACCAGCCTGGCCAACTTGGCTTTTTTGTTTTCTGCA,GAAAACAAAAAAGCCAAGTTGGCCAGGCTGGTCTC,CACCGGCATTTTGGGAGGGCGAGGC,AAACTTCTGCGCCCCAGTTTCCAAC,GAAATGTTTTAATATACCTTTAATCTCAATACACATTAAATTAAAAAAGCATAATTATT,GTTTTTGTTTTTTTGAGATGGAGTTTAGCTCTTGTCA,rs7933202
PICALM ,11,85868640,G-to-C,Positive,GCCTTGGCCTCCCAAAGTGCTGTTTTAGAGCTAGAAATAGCAAGTTAAAATAAGGCTAGTCCGTTATCAACTTGAAAAAGTGGCACCGAGTCGGTGCGGCTCGCAGCACTTTGGGAGGCCTTTTTTGTTTT,CCTTGGCCTCCCAAAGTGCT,GGCTCGCAGC,10,ACTTTGGGAGGCC,13,TCTATAAAAATAAACAAACA,45,CACCGCCTTGGCCTCCCAAAGTGCT,AACAGCACTTTGGGAGGCCAAGGC,TGCGGCTCGCAGCACTTTGGGAGGCCTTTTTTGTTTTCTGCA,GAAAACAAAAAAGGCCTCCCAAAGTGCTGCGAGCC,CACCGTCTATAAAAATAAACAAACA,AAACTGTTTGTTTATTTTTATAGAC,GTGGCATGATCTCGGCT,ATATTCTAACTGCCTTATTCATATAAAAACACAAATCTGGGC,rs3851179
PICALM ,11,85868640, ,Negative,No Valid pegRNA, , ,10, ,13, , , , , , , , , , ,rs3851179
SORL1 ,11,121435587, ,Positive,No Valid pegRNA, , ,15, ,13, , , , , , , , , , ,rs11218343
SORL1 ,11,121435587,T-to-C,Negative,GTTTGAAGGAAAGGTAAAGACGTTTTAGAGCTAGAAATAGCAAGTTAAAATAAGGCTAGTCCGTTATCAACTTGAAAAAGTGGCACCGAGTCGGTGCTCACAGTTCCCTGTCTTTACCTTTCCTTTTTTTTGTTTT,TTTGAAGGAAAGGTAAAGAC,TCACAGTTCCCTGTC,15,TTTACCTTTCCTT,13,CAAAAAGAAGGGATGCTAGA,49,CACCGTTTGAAGGAAAGGTAAAGAC,AACGTCTTTACCTTTCCTTCAAAC,TGCTCACAGTTCCCTGTCTTTACCTTTCCTTTTTTTTGTTTTCTGCA,GAAAACAAAAAAAAGGAAAGGTAAAGACAGGGAACTGTGA,CACCGCAAAAAGAAGGGATGCTAGA,AAACTGTTTGTTTATTTTTATAGAC,GCTTCCTCCTGTTGGAAATTTCACA,AAGTAGACAGAGCAAAGGGAAAGGG,rs11218343
FERMT2 ,14,53391680, ,Positive,No Valid pegRNA, , ,10, ,13, , , , , , , , , , ,rs17125924
FERMT2 ,14,53391680, ,Negative,No Valid pegRNA, , ,10, ,13, , , , , , , , , , ,rs17125924
PSEN1,14,73173663, ,Positive,No Valid pegRNA, , ,18, ,15, , , , , , , , , , ,PSEN1(M146V)
PSEN1,14,73173663,A-to-G,Negative,GATTTATACAGAACCACCAGGGTTTTAGAGCTAGAAATAGCAAGTTAAAATAAGGCTAGTCCGTTATCAACTTGAAAAAGTGGCACCGAGTCGGTGCTGTCGTGACTATCCTCCTGGTGGTTCTGTATAATTTTTTGTTTT,ATTTATACAGAACCACCAGG,TGTCGTGACTATCCTCCT,18,GGTGGTTCTGTATAA,15,ACAGAAGATACCGAGACTGT,78,CACCGATTTATACAGAACCACCAGG,AACCCTGGTGGTTCTGTATAAATC,TGCTGTCGTGACTATCCTCCTGGTGGTTCTGTATAATTTTTTGTTTTCTGCA,GAAAACAAAAAATTATACAGAACCACCAGGAGGATAGTCACGACA,CACCGACAGAAGATACCGAGACTGT,AAACTGTTTGTTTATTTTTATAGAC,TTATAAGATACGAATTGAATTAAGAAAAAGAAAATTCTGTGTTGGAGGT,TGTATTTTTTGAATGTTCCACAGTGAGGAGG,PSEN1(M146V)
SLC24A4 ,14,92932828,G-to-C,Positive,GGAGGAGAAGAAAGAGGAGGAGTTTTAGAGCTAGAAATAGCAAGTTAAAATAAGGCTAGTCCGTTATCAACTTGAAAAAGTGGCACCGAGTCGGTGCTTGCGCTGCGCTCCTCCTCTTTCTTCTTTTTTTGTTTT,GAGGAGAAGAAAGAGGAGGA,TTGCGCTGCGCTCC,14,TCCTCTTTCTTCT,13,TCCGTGGCCTGGCACAGAGC,52,CACCGGAGGAGAAGAAAGAGGAGGA,AACTCCTCCTCTTTCTTCTCCTCC,TGCTTGCGCTGCGCTCCTCCTCTTTCTTCTTTTTTTGTTTTCTGCA,GAAAACAAAAAAAGAAGAAAGAGGAGGAGCGCAGCGCAA,CACCGTCCGTGGCCTGGCACAGAGC,AAACGCTCTGTGCCAGGCCACGGAC,CGGCTGAGAAGCGGC,GCTGGGTGCCCC,rs12881735
SLC24A4 ,14,92932828, ,Negative,No Valid pegRNA, , ,14, ,13, , , , , , , , , , ,rs12881735
ACE,17,61538148,A-to-A,Positive,GAAGAAAGTGGGAGGCTGAGGGTTTTAGAGCTAGAAATAGCAAGTTAAAATAAGGCTAGTCCGTTATCAACTTGAAAAAGTGGCACCGAGTCGGTGCGGCGATCCACCCGCCTCAGCCTCCCACTTTTTTTTGTTTT,AAGAAAGTGGGAGGCTGAGG,GGCGATCCACCCGCCT,16,CAGCCTCCCACTT,13,GTTGGCCAAAAAAGCCAGGC,41,CACCGAAGAAAGTGGGAGGCTGAGG,AACCCTCAGCCTCCCACTTTCTTC,TGCGGCGATCCACCCGCCTCAGCCTCCCACTTTTTTTTGTTTTCTGCA,GAAAACAAAAAAAAGTGGGAGGCTGAGGCGGGTGGATCGCC,CACCGGTTGGCCAAAAAAGCCAGGC,AAACGCCTGGCTTTTTTGGCCAACC,GATGTTACTATTGTAATTGTTTTGGGGCACC,GAGTGCAGTGGCGTGA,rs138190086
ACE,17,61538148, ,Negative,No Valid pegRNA, , ,16, ,13, , , , , , , , , , ,rs138190086
ABCA7,19,1056492,G-to-C,Positive,GACCAAGGAGCAGCTGTCTGAGTTTTAGAGCTAGAAATAGCAAGTTAAAATAAGGCTAGTCCGTTATCAACTTGAAAAAGTGGCACCGAGTCGGTGCACAGTGCACGCTCAGACAGCTGCTCCTTTTTTTGTTTT,ACCAAGGAGCAGCTGTCTGA,ACAGTGCACGCTCA,14,GACAGCTGCTCCT,13,CAGGGTAGGACGTGCAGGGT,41,CACCGACCAAGGAGCAGCTGTCTGA,AACTCAGACAGCTGCTCCTTGGTC,TGCACAGTGCACGCTCAGACAGCTGCTCCTTTTTTTGTTTTCTGCA,GAAAACAAAAAAAGGAGCAGCTGTCTGAGCGTGCACTGT,CACCGCAGGGTAGGACGTGCAGGGT,AAACACCCTGCACGTCCTACCCTGC,AGGTCCAACCCCATTGC,GGATGTGTGGGGGAGG,rs3752246
ABCA7,19,1056492, ,Negative,No Valid pegRNA, , ,14, ,13, , , , , , , , , , ,rs3752246
APOE,19,44908756,C-to-A,Positive,GCCAGAGCACCGAGGAGCTGCGTTTTAGAGCTAGAAATAGCAAGTTAAAATAAGGCTAGTCCGTTATCAACTTGAAAAAGTGGCACCGAGTCGGTGCAGGCTCACCCGCAGCTCCTCGGTGCTTTTTTTGTTTT,CCAGAGCACCGAGGAGCTGC,AGGCTCACCCGCA,13,GCTCCTCGGTGCT,13,GCAGGTCATCGGCATCGCGG,52,CACCGCCAGAGCACCGAGGAGCTGC,AACGCAGCTCCTCGGTGCTCTGGC,TGCAGGCTCACCCGCAGCTCCTCGGTGCTTTTTTTGTTTTCTGCA,GAAAACAAAAAAAGCACCGAGGAGCTGCGGGTGAGCCT,CACCGGCAGGTCATCGGCATCGCGG,AAACCCGCGATGCCGATGACCTGCC,AGACCATGAAGGAGTTGAAGGC,GCTCCTGTAGCGGCTG,APOE(R136S)
APOE,19,44908756,C-to-A,Negative,GGCTTGCGCAGGTGGGAGGCGGTTTTAGAGCTAGAAATAGCAAGTTAAAATAAGGCTAGTCCGTTATCAACTTGAAAAAGTGGCACCGAGTCGGTGCGGGTGAGCCTCGCCTCCCACCTGCGCTTTTTTGTTTT,GCTTGCGCAGGTGGGAGGCG,GGGTGAGCCTCGC,13,CTCCCACCTGCGC,13,GCAGTACCGCGGCGAGGTGC,49,CACCGGCTTGCGCAGGTGGGAGGCG,AACCGCCTCCCACCTGCGCAAGCC,TGCGGGTGAGCCTCGCCTCCCACCTGCGCTTTTTTGTTTTCTGCA,GAAAACAAAAAAGCGCAGGTGGGAGGCGAGGCTCACCC,CACCGGCAGTACCGCGGCGAGGTGC,AAACCCGCGATGCCGATGACCTGCC,AGACCATGAAGGAGTTGAAGGC,GCTCCTGTAGCGGCTG,APOE(R136S)
CASS4,20,54997568,G-to-A,Positive,GTTTTTGTGCGGTTTCGTATAGTTTTAGAGCTAGAAATAGCAAGTTAAAATAAGGCTAGTCCGTTATCAACTTGAAAAAGTGGCACCGAGTCGGTGCGTCATACATAAACATACTCCTTATACGAAACCGCACATTTTTTGTTTT,TTTTTGTGCGGTTTCGTATA,GTCATACATAAACATACTCCTTAT,24,ACGAAACCGCACA,13,ACATTGATCTCCATTATAGG,62,CACCGTTTTTGTGCGGTTTCGTATA,AACTATACGAAACCGCACAAAAAC,TGCGTCATACATAAACATACTCCTTATACGAAACCGCACATTTTTTGTTTTCTGCA,GAAAACAAAAAATGTGCGGTTTCGTATAAGGAGTATGTTTATGTATGAC,CACCGACATTGATCTCCATTATAGG,AAACCCTATAATGGAGATCAATGTC,TTTATTGAGATATAATTTATGTAAAATTAAATTTATTTTTAATCCTAAACCACTCATGA,TCATTCATAAGATAATATAAATTACAAAATTCAAATTTTTGTGATATAACATAATTTAT,rs6024870
CASS4,20,54997568, ,Negative,No Valid pegRNA, , ,24, ,13, , , , , , , , , , ,rs6024870
APP,21,25891784,C-to-T,Positive,GTTTCTTCTTCAGCATCACCAGTTTTAGAGCTAGAAATAGCAAGTTAAAATAAGGCTAGTCCGTTATCAACTTGAAAAAGTGGCACCGAGTCGGTGCTGATCATCATCACCTTGGTGATGCTGAAGAAGATTTTTTGTTTT,TTTCTTCTTCAGCATCACCA,TGATCATCATCACCTTGG,18,TGATGCTGAAGAAGA,15,ATCATTGGACTCATGGTGGG,41,CACCGTTTCTTCTTCAGCATCACCA,AACTGGTGATGCTGAAGAAGAAAC,TGCTGATCATCATCACCTTGGTGATGCTGAAGAAGATTTTTTGTTTTCTGCA,GAAAACAAAAAATCTTCTTCAGCATCACCAAGGTGATGATGATCA,CACCGATCATTGGACTCATGGTGGG,AAACCCCACCATGAGTCCAATGATC,AGAAAGAACAACTGTAACCCAAGCATCA,CTTTTTATATAACCTCATCCAAATGTCCCCTGC,APP(V717F)
APP,21,25891784, ,Negative,No Valid pegRNA, , ,18, ,15, , , , , , , , , , ,APP(V717F)
PSEN2,1,226885603, ,Positive,No Valid pegRNA, , ,14, ,13, , , , , , , , , , ,"rs63750215, PSEN2(N141I)"
PSEN2,1,226885603,A-to-T,Negative,GGATGACGCTGATCATGATGAGTTTTAGAGCTAGAAATAGCAAGTTAAAATAAGGCTAGTCCGTTATCAACTTGAAAAAGTGGCACCGAGTCGGTGCGCTGATCACCCTCATCATGATCAGCGTTTTTTTGTTTT,GATGACGCTGATCATGATGA,GCTGATCACCCTCA,14,TCATGATCAGCGT,13,ACTGAGGACACACCCTCGGT,41,CACCGGATGACGCTGATCATGATGA,AACTCATCATGATCAGCGTCATCC,TGCGCTGATCACCCTCATCATGATCAGCGTTTTTTTGTTTTCTGCA,GAAAACAAAAAAACGCTGATCATGATGAGGGTGATCAGC,CACCGACTGAGGACACACCCTCGGT,AAACCCCACCATGAGTCCAATGATC,ATGGTGCCCGCAC,GAGGAGTACAAAAAATCTGGGTCTATTTTCCTC,"rs63750215, PSEN2(N141I)"
